{"ndcg": {"NDCG@1": 0.09665, "NDCG@3": 0.1188, "NDCG@5": 0.13325, "NDCG@10": 0.151, "NDCG@100": 0.18065, "NDCG@1000": 0.20048}, "mrr": {"MRR@1": 0.09665, "MRR@3": 0.13321, "MRR@5": 0.14306, "MRR@10": 0.15255, "MRR@100": 0.16011, "MRR@1000": 0.16063}, "recall": {"Recall@1": 0.07528, "Recall@3": 0.13569, "Recall@5": 0.17038, "Recall@10": 0.21986, "Recall@100": 0.34518, "Recall@1000": 0.48325}, "precision": {"P@1": 0.09665, "P@3": 0.05948, "P@5": 0.04461, "P@10": 0.02974, "P@100": 0.00524, "P@1000": 0.00079}, "time": 505.0272042751312}