{"ndcg": {"NDCG@1": 0.892, "NDCG@3": 0.94674, "NDCG@5": 0.95096, "NDCG@10": 0.95229, "NDCG@100": 0.95371, "NDCG@1000": 0.95371}, "mrr": {"MRR@1": 0.894, "MRR@3": 0.936, "MRR@5": 0.9384, "MRR@10": 0.93897, "MRR@100": 0.93933, "MRR@1000": 0.93933}, "recall": {"Recall@1": 0.892, "Recall@3": 0.98, "Recall@5": 0.99, "Recall@10": 0.994, "Recall@100": 1.0, "Recall@1000": 1.0}, "precision": {"P@1": 0.892, "P@3": 0.32667, "P@5": 0.198, "P@10": 0.0994, "P@100": 0.01, "P@1000": 0.001}, "time": 6.792092323303223}