{"ndcg": {"NDCG@1": 0.05473, "NDCG@3": 0.07429, "NDCG@5": 0.09226, "NDCG@10": 0.10908, "NDCG@100": 0.15009, "NDCG@1000": 0.17133}, "mrr": {"MRR@1": 0.05473, "MRR@3": 0.07463, "MRR@5": 0.08433, "MRR@10": 0.09143, "MRR@100": 0.09935, "MRR@1000": 0.09992}, "recall": {"Recall@1": 0.05141, "Recall@3": 0.08789, "Recall@5": 0.13267, "Recall@10": 0.18491, "Recall@100": 0.38391, "Recall@1000": 0.55721}, "precision": {"P@1": 0.05473, "P@3": 0.03317, "P@5": 0.02886, "P@10": 0.0199, "P@100": 0.00418, "P@1000": 0.00062}, "time": 499.2692279815674}